Rêgul. solaire;DATE & TIME;T1[C];T2[C];T3[C];T4[C];T5[C];T6[C];Tds[C];V'[l/min];P[kW];Qday[kWh];Qyear[kWh];Qsum[kWh];R1[%];R2[%];R3[%];H1[%];H2[%]
10;2017-04-22 17:19;56;33;60;25;37;Err;Err;0;0,0;0;0;0;100;82;100;100;0
10;2017-04-22 17:20;54;31;61;26;38;Err;Err;0;0,0;0;0;0;100;100;100;100;0
10;2017-04-22 17:21;54;31;61;26;38;Err;Err;0;0,0;0;0;0;100;100;100;100;0
10;2017-04-22 17:22;54;32;61;26;38;Err;Err;0;0,0;0;0;0;100;100;100;100;0
10;2017-04-22 17:23;54;32;61;27;39;Err;Err;0;0,0;0;0;0;100;100;100;100;0
10;2017-04-22 17:24;54;32;61;27;39;Err;Err;0;0,0;0;0;0;100;100;100;100;0
10;2017-04-22 17:25;54;33;61;27;39;Err;Err;0;0,0;0;0;0;100;100;100;100;0
10;2017-04-22 17:26;54;33;61;27;39;Err;Err;0;0,0;0;0;0;100;100;100;100;0
10;2017-04-22 17:27;54;34;61;27;39;Err;Err;0;0,0;0;0;0;100;100;100;100;0
10;2017-04-22 17:28;54;34;61;27;39;Err;Err;0;0,0;0;0;0;100;100;100;100;0
10;2017-04-22 17:29;54;34;61;26;38;Err;Err;0;0,0;0;0;0;100;100;100;100;0
10;2017-04-22 17:30;54;35;60;26;38;Err;Err;0;0,0;0;0;0;100;100;100;100;0
10;2017-04-22 17:31;54;34;60;26;38;Err;Err;0;0,0;0;0;0;100;1;100;100;0
10;2017-04-22 17:32;53;34;60;26;39;Err;Err;0;0,0;0;0;0;100;0;100;100;0
10;2017-04-22 17:33;53;34;60;26;39;Err;Err;0;0,0;0;0;0;100;0;100;100;0
10;2017-04-22 17:34;53;35;60;26;39;Err;Err;0;0,0;0;0;0;100;0;100;100;0
10;2017-04-22 17:35;53;35;60;26;39;Err;Err;0;0,0;0;0;0;100;0;100;100;0
10;2017-04-22 17:36;53;35;59;26;39;Err;Err;0;0,0;0;0;0;100;0;100;100;0
10;2017-04-22 17:37;53;36;59;26;39;Err;Err;0;0,0;0;0;0;100;0;100;100;0
10;2017-04-22 17:38;53;36;59;26;39;Err;Err;0;0,0;0;0;0;100;0;100;100;0
10;2017-04-22 17:39;52;36;59;26;38;Err;Err;0;0,0;0;0;0;100;0;100;100;0
10;2017-04-22 17:40;52;37;59;26;38;Err;Err;0;0,0;0;0;0;100;0;100;100;0
10;2017-04-22 17:41;52;37;59;26;38;Err;Err;0;0,0;0;0;0;100;0;100;100;0
10;2017-04-22 17:42;52;37;59;26;38;Err;Err;0;0,0;0;0;0;100;0;100;100;0
10;2017-04-22 17:43;52;38;59;26;38;Err;Err;0;0,0;0;0;0;100;0;100;100;0
10;2017-04-22 17:44;52;38;59;26;38;Err;Err;0;0,0;0;0;0;100;0;100;100;0
10;2017-04-22 17:45;52;38;59;26;38;Err;Err;0;0,0;0;0;0;100;0;100;100;0
10;2017-04-22 17:46;52;38;59;26;38;Err;Err;0;0,0;0;0;0;100;0;100;100;0
10;2017-04-22 17:47;52;39;59;26;38;Err;Err;0;0,0;0;0;0;100;0;100;100;0
10;2017-04-22 17:48;52;39;58;26;38;Err;Err;0;0,0;0;0;0;100;0;100;100;0
10;2017-04-22 17:49;52;39;58;26;38;Err;Err;0;0,0;0;0;0;100;0;100;100;0
10;2017-04-22 17:50;52;39;58;26;38;Err;Err;0;0,0;0;0;0;100;0;100;100;0
10;2017-04-22 17:51;52;40;58;26;38;Err;Err;0;0,0;0;0;0;100;0;100;100;0
10;2017-04-22 17:52;52;40;58;26;38;Err;Err;0;0,0;0;0;0;100;0;100;100;0
10;2017-04-22 17:53;52;40;58;26;38;Err;Err;0;0,0;0;0;0;100;0;100;100;0
10;2017-04-22 17:54;52;40;58;26;38;Err;Err;0;0,0;0;0;0;100;0;100;100;0
10;2017-04-22 17:55;52;41;58;26;38;Err;Err;0;0,0;0;0;0;100;0;100;100;0
10;2017-04-22 17:56;52;41;58;26;38;Err;Err;0;0,0;0;0;0;100;0;100;100;0
10;2017-04-22 17:57;52;41;58;26;38;Err;Err;0;0,0;0;0;0;100;0;100;100;0
10;2017-04-22 17:58;52;41;58;26;38;Err;Err;0;0,0;0;0;0;100;0;100;100;0
10;2017-04-22 17:59;52;41;58;26;38;Err;Err;0;0,0;0;0;0;100;0;100;100;0
10;2017-04-22 18:00;52;42;58;26;38;Err;Err;0;0,0;0;0;0;100;0;100;100;0
10;2017-04-22 18:01;52;42;58;26;38;Err;Err;0;0,0;0;0;0;100;0;100;100;0
10;2017-04-22 18:02;52;42;57;26;38;Err;Err;0;0,0;0;0;0;100;0;100;100;0
10;2017-04-22 18:03;52;42;57;26;37;Err;Err;0;0,0;0;0;0;100;0;100;100;0
10;2017-04-22 18:04;52;42;57;26;37;Err;Err;0;0,0;0;0;0;100;0;100;100;0
10;2017-04-22 18:05;52;42;57;26;37;Err;Err;0;0,0;0;0;0;100;0;100;100;0
10;2017-04-22 18:06;52;43;57;26;37;Err;Err;0;0,0;0;0;0;100;0;100;100;0
10;2017-04-22 18:07;52;43;57;26;37;Err;Err;0;0,0;0;0;0;100;0;100;100;0
10;2017-04-22 18:08;52;43;57;26;37;Err;Err;0;0,0;0;0;0;100;0;100;100;0
10;2017-04-22 18:09;51;43;57;26;37;Err;Err;0;0,0;0;0;0;100;0;100;100;0
10;2017-04-22 18:10;51;43;57;26;37;Err;Err;0;0,0;0;0;0;100;0;100;100;0
10;2017-04-22 18:11;51;43;57;26;37;Err;Err;0;0,0;0;0;0;100;0;100;100;0
10;2017-04-22 18:12;51;43;57;26;36;Err;Err;0;0,0;0;0;0;100;0;100;100;0
10;2017-04-22 18:13;51;43;56;25;36;Err;Err;0;0,0;0;0;0;100;0;100;100;0
10;2017-04-22 18:14;51;44;56;25;36;Err;Err;0;0,0;0;0;0;100;0;100;100;0
10;2017-04-22 18:15;51;44;56;25;36;Err;Err;0;0,0;0;0;0;100;0;100;100;0
10;2017-04-22 18:16;51;44;56;25;36;Err;Err;0;0,0;0;0;0;100;0;100;100;0
10;2017-04-22 18:17;51;44;56;25;35;Err;Err;0;0,0;0;0;0;100;0;100;100;0
10;2017-04-22 18:18;51;44;56;25;35;Err;Err;0;0,0;0;0;0;100;0;100;100;0
10;2017-04-22 18:19;51;44;56;25;35;Err;Err;0;0,0;0;0;0;100;0;100;100;0
10;2017-04-22 18:20;51;44;56;25;35;Err;Err;0;0,0;0;0;0;100;0;100;100;0
10;2017-04-22 18:21;51;44;56;25;35;Err;Err;0;0,0;0;0;0;100;0;100;100;0
10;2017-04-22 18:22;51;44;56;25;35;Err;Err;0;0,0;0;0;0;100;0;100;100;0
10;2017-04-22 18:23;51;44;56;25;35;Err;Err;0;0,0;0;0;0;100;0;100;100;0
10;2017-04-22 18:24;51;44;56;25;34;Err;Err;0;0,0;0;0;0;100;0;100;100;0
10;2017-04-22 18:25;50;45;55;25;34;Err;Err;0;0,0;0;0;0;100;0;100;23;0
10;2017-04-22 18:26;51;45;55;25;34;Err;Err;0;0,0;0;0;0;100;0;100;23;0
10;2017-04-22 18:27;55;45;55;25;34;Err;Err;0;0,0;0;0;0;100;0;100;100;0
10;2017-04-22 18:28;56;45;55;25;34;Err;Err;0;0,0;0;0;0;100;0;100;100;0
10;2017-04-22 18:29;51;45;55;25;34;Err;Err;0;0,0;0;0;0;100;0;100;61;0
10;2017-04-22 18:30;50;45;55;25;34;Err;Err;0;0,0;0;0;0;100;0;100;0;0
10;2017-04-22 18:31;52;45;55;25;33;Err;Err;0;0,0;0;0;0;100;0;100;33;0
10;2017-04-22 18:32;56;45;55;25;33;Err;Err;0;0,0;0;0;0;100;0;100;100;0
10;2017-04-22 18:33;54;44;55;25;33;Err;Err;0;0,0;0;0;0;100;0;100;98;0
10;2017-04-22 18:34;49;44;55;25;33;Err;Err;0;0,0;0;0;0;100;0;100;0;0
10;2017-04-22 18:35;50;44;55;25;33;Err;Err;0;0,0;0;0;0;100;0;100;30;0
10;2017-04-22 18:36;55;44;55;25;33;Err;Err;0;0,0;0;0;0;100;0;100;100;0
10;2017-04-22 18:37;53;44;55;25;33;Err;Err;0;0,0;0;0;0;100;0;100;95;0
10;2017-04-22 18:38;48;44;55;25;33;Err;Err;0;0,0;0;0;0;100;0;100;0;0
10;2017-04-22 18:39;49;44;55;25;33;Err;Err;0;0,0;0;0;0;100;0;100;1;0
10;2017-04-22 18:40;53;44;55;25;32;Err;Err;0;0,0;0;0;0;100;0;100;100;0
10;2017-04-22 18:41;53;44;55;24;32;Err;Err;0;0,0;0;0;0;100;0;100;100;0
10;2017-04-22 18:42;48;44;54;24;32;Err;Err;0;0,0;0;0;0;100;0;100;6;0
10;2017-04-22 18:43;49;44;54;24;32;Err;Err;0;0,0;0;0;0;100;0;100;0;0
10;2017-04-22 18:44;52;44;54;24;32;Err;Err;0;0,0;0;0;0;100;0;100;83;0
10;2017-04-22 18:45;52;44;54;24;32;Err;Err;0;0,0;0;0;0;100;0;100;88;0
10;2017-04-22 18:46;47;44;54;24;32;Err;Err;0;0,0;0;0;0;100;0;100;0;0
10;2017-04-22 18:47;46;43;54;24;31;Err;Err;0;0,0;0;0;0;100;0;100;0;0
10;2017-04-22 18:48;46;43;54;24;31;Err;Err;0;0,0;0;0;0;100;0;100;0;0
10;2017-04-22 18:49;45;43;54;24;31;Err;Err;0;0,0;0;0;0;100;0;100;0;0
10;2017-04-22 18:50;45;43;54;24;31;Err;Err;0;0,0;0;0;0;100;0;100;0;0
10;2017-04-22 18:51;44;43;54;24;31;Err;Err;0;0,0;0;0;0;100;0;100;0;0
10;2017-04-22 18:52;44;43;54;24;31;Err;Err;0;0,0;0;0;0;100;0;100;0;0
10;2017-04-22 18:53;44;42;54;24;31;Err;Err;0;0,0;0;0;0;100;0;100;0;0
10;2017-04-22 18:54;43;42;54;24;31;Err;Err;0;0,0;0;0;0;100;0;100;0;0
10;2017-04-22 18:55;43;42;54;24;30;Err;Err;0;0,0;0;0;0;100;0;100;0;0
10;2017-04-22 18:56;42;42;54;24;30;Err;Err;0;0,0;0;0;0;100;0;100;0;0
10;2017-04-22 18:57;42;42;54;24;30;Err;Err;0;0,0;0;0;0;100;0;100;0;0
10;2017-04-22 18:58;41;41;54;24;30;Err;Err;0;0,0;0;0;0;100;0;100;0;0
10;2017-04-22 18:59;41;41;54;24;30;Err;Err;0;0,0;0;0;0;100;0;100;0;0
10;2017-04-22 19:00;41;41;54;24;30;Err;Err;0;0,0;0;0;0;100;0;100;0;0
10;2017-04-22 19:01;40;41;54;24;30;Err;Err;0;0,0;0;0;0;100;0;100;0;0
10;2017-04-22 19:02;40;41;54;24;30;Err;Err;0;0,0;0;0;0;100;0;100;0;0
10;2017-04-22 19:03;40;40;54;23;30;Err;Err;0;0,0;0;0;0;100;0;100;0;0
10;2017-04-22 19:04;39;40;54;23;30;Err;Err;0;0,0;0;0;0;100;0;100;0;0
10;2017-04-22 19:05;39;40;54;23;29;Err;Err;0;0,0;0;0;0;100;0;100;0;0
10;2017-04-22 19:06;39;40;54;23;29;Err;Err;0;0,0;0;0;0;100;0;100;0;0
10;2017-04-22 19:07;38;39;54;23;29;Err;Err;0;0,0;0;0;0;100;0;100;0;0
10;2017-04-22 19:08;38;39;54;23;29;Err;Err;0;0,0;0;0;0;100;0;100;0;0
10;2017-04-22 19:09;38;39;54;23;29;Err;Err;0;0,0;0;0;0;100;0;100;0;0
10;2017-04-22 19:10;37;39;54;23;29;Err;Err;0;0,0;0;0;0;100;0;100;0;0
10;2017-04-22 19:11;37;38;54;23;29;Err;Err;0;0,0;0;0;0;100;0;100;0;0
10;2017-04-22 19:12;37;38;54;23;29;Err;Err;0;0,0;0;0;0;100;0;100;0;0
10;2017-04-22 19:13;36;38;54;23;29;Err;Err;0;0,0;0;0;0;100;0;100;0;0
10;2017-04-22 19:14;36;38;54;23;29;Err;Err;0;0,0;0;0;0;100;0;100;0;0
10;2017-04-22 19:15;36;38;54;23;28;Err;Err;0;0,0;0;0;0;100;0;100;0;0
10;2017-04-22 19:16;35;38;54;23;28;Err;Err;0;0,0;0;0;0;100;0;100;0;0
10;2017-04-22 19:17;35;37;54;23;28;Err;Err;0;0,0;0;0;0;100;0;100;0;0
10;2017-04-22 19:18;35;37;54;23;28;Err;Err;0;0,0;0;0;0;100;0;100;0;0
10;2017-04-22 19:19;34;37;54;23;28;Err;Err;0;0,0;0;0;0;100;0;100;0;0
10;2017-04-22 19:20;34;37;54;23;28;Err;Err;0;0,0;0;0;0;100;0;100;0;0
10;2017-04-22 19:21;34;37;54;23;28;Err;Err;0;0,0;0;0;0;100;0;100;0;0
10;2017-04-22 19:22;34;36;54;23;28;Err;Err;0;0,0;0;0;0;100;0;100;0;0
10;2017-04-22 19:23;33;36;54;23;28;Err;Err;0;0,0;0;0;0;100;0;100;0;0
10;2017-04-22 19:24;33;36;54;23;28;Err;Err;0;0,0;0;0;0;100;0;100;0;0
10;2017-04-22 19:25;33;36;54;23;28;Err;Err;0;0,0;0;0;0;100;0;100;0;0
10;2017-04-22 19:26;32;36;54;23;28;Err;Err;0;0,0;0;0;0;100;0;100;0;0
10;2017-04-22 19:27;32;35;53;23;28;Err;Err;0;0,0;0;0;0;100;0;100;0;0
10;2017-04-22 19:28;32;35;53;23;27;Err;Err;0;0,0;0;0;0;100;0;100;0;0
10;2017-04-22 19:29;31;35;53;23;27;Err;Err;0;0,0;0;0;0;100;0;100;0;0
10;2017-04-22 19:30;31;35;53;23;27;Err;Err;0;0,0;0;0;0;100;0;100;0;0
10;2017-04-22 19:31;31;35;53;23;27;Err;Err;0;0,0;0;0;0;100;0;100;0;0
10;2017-04-22 19:32;31;35;53;23;27;Err;Err;0;0,0;0;0;0;100;0;100;0;0
10;2017-04-22 19:33;30;35;53;23;27;Err;Err;0;0,0;0;0;0;100;0;100;0;0
10;2017-04-22 19:34;30;34;53;23;27;Err;Err;0;0,0;0;0;0;100;0;100;0;0
10;2017-04-22 19:35;30;34;53;23;27;Err;Err;0;0,0;0;0;0;100;0;100;0;0
10;2017-04-22 19:36;30;34;53;23;27;Err;Err;0;0,0;0;0;0;100;0;100;0;0
10;2017-04-22 19:37;29;34;53;23;27;Err;Err;0;0,0;0;0;0;100;0;100;0;0
10;2017-04-22 19:38;29;34;53;23;27;Err;Err;0;0,0;0;0;0;100;0;100;0;0
10;2017-04-22 19:39;29;34;53;23;27;Err;Err;0;0,0;0;0;0;100;0;100;0;0
10;2017-04-22 19:40;28;34;53;23;27;Err;Err;0;0,0;0;0;0;100;0;100;0;0
10;2017-04-22 19:41;28;34;53;22;27;Err;Err;0;0,0;0;0;0;100;0;100;0;0
10;2017-04-22 19:42;28;34;53;22;27;Err;Err;0;0,0;0;0;0;100;0;100;0;0
10;2017-04-22 19:43;28;33;53;22;26;Err;Err;0;0,0;0;0;0;100;0;98;0;0
10;2017-04-22 19:44;27;33;53;22;26;Err;Err;0;0,0;0;0;0;100;0;0;0;0
10;2017-04-22 19:45;27;33;53;22;27;Err;Err;0;0,0;0;0;0;100;0;0;0;0
10;2017-04-22 19:46;27;33;53;22;27;Err;Err;0;0,0;0;0;0;100;0;0;0;0
10;2017-04-22 19:47;27;33;53;22;27;Err;Err;0;0,0;0;0;0;100;0;0;0;0
10;2017-04-22 19:48;27;33;53;22;27;Err;Err;0;0,0;0;0;0;100;0;80;0;0
10;2017-04-22 19:49;26;33;53;22;27;Err;Err;0;0,0;0;0;0;100;0;100;0;0
10;2017-04-22 19:50;26;33;53;22;26;Err;Err;0;0,0;0;0;0;100;0;100;0;0
10;2017-04-22 19:51;26;32;53;22;26;Err;Err;0;0,0;0;0;0;100;0;100;0;0
10;2017-04-22 19:52;26;32;53;22;26;Err;Err;0;0,0;0;0;0;100;0;100;0;0
10;2017-04-22 19:53;25;32;53;22;26;Err;Err;0;0,0;0;0;0;100;0;100;0;0
10;2017-04-22 19:54;25;32;53;22;26;Err;Err;0;0,0;0;0;0;100;0;100;0;0
10;2017-04-22 19:55;25;32;53;22;26;Err;Err;0;0,0;0;0;0;100;0;100;0;0
10;2017-04-22 19:56;25;32;53;22;26;Err;Err;0;0,0;0;0;0;100;0;100;0;0
10;2017-04-22 19:57;25;32;53;22;26;Err;Err;0;0,0;0;0;0;100;0;100;0;0
10;2017-04-22 19:58;24;32;53;22;26;Err;Err;0;0,0;0;0;0;100;0;100;0;0
10;2017-04-22 19:59;24;32;53;22;26;Err;Err;0;0,0;0;0;0;100;0;100;0;0
10;2017-04-22 20:00;24;32;53;22;26;Err;Err;0;0,0;0;0;0;100;0;100;0;0
10;2017-04-22 20:01;24;32;53;22;26;Err;Err;0;0,0;0;0;0;100;98;100;0;0
10;2017-04-22 20:02;24;31;53;22;26;Err;Err;0;0,0;0;0;0;100;100;100;0;0
10;2017-04-22 20:03;23;31;53;22;25;Err;Err;0;0,0;0;0;0;100;100;3;0;0
10;2017-04-22 20:04;23;30;53;22;26;Err;Err;0;0,0;0;0;0;100;100;0;0;0
10;2017-04-22 20:05;23;30;53;22;26;Err;Err;0;0,0;0;0;0;100;100;0;0;0
10;2017-04-22 20:06;23;29;53;22;26;Err;Err;0;0,0;0;0;0;100;100;0;0;0
10;2017-04-22 20:07;23;29;53;22;26;Err;Err;0;0,0;0;0;0;100;100;0;0;0
10;2017-04-22 20:08;23;29;53;22;26;Err;Err;0;0,0;0;0;0;100;100;0;0;0
10;2017-04-22 20:09;23;29;53;22;27;Err;Err;0;0,0;0;0;0;100;100;0;0;0
10;2017-04-22 20:10;23;28;53;22;27;Err;Err;0;0,0;0;0;0;100;100;0;0;0
10;2017-04-22 20:11;22;28;53;22;27;Err;Err;0;0,0;0;0;0;100;100;0;0;0
10;2017-04-22 20:12;22;28;53;22;27;Err;Err;0;0,0;0;0;0;100;100;0;0;0
10;2017-04-22 20:13;22;28;53;22;27;Err;Err;0;0,0;0;0;0;100;100;0;0;0
10;2017-04-22 20:14;22;28;53;22;27;Err;Err;0;0,0;0;0;0;100;100;0;0;0
10;2017-04-22 20:15;22;28;53;22;27;Err;Err;0;0,0;0;0;0;100;100;0;0;0
10;2017-04-22 20:16;22;28;53;22;27;Err;Err;0;0,0;0;0;0;100;100;0;0;0
10;2017-04-22 20:17;21;28;53;22;27;Err;Err;0;0,0;0;0;0;100;100;0;0;0
10;2017-04-22 20:18;21;28;52;22;27;Err;Err;0;0,0;0;0;0;100;100;0;0;0
10;2017-04-22 20:19;21;28;52;22;27;Err;Err;0;0,0;0;0;0;100;100;0;0;0
10;2017-04-22 20:20;21;28;52;22;27;Err;Err;0;0,0;0;0;0;100;100;0;0;0
10;2017-04-22 20:21;20;28;52;22;27;Err;Err;0;0,0;0;0;0;100;100;0;0;0
10;2017-04-22 20:22;20;28;52;22;26;Err;Err;0;0,0;0;0;0;100;100;56;0;0
10;2017-04-22 20:23;20;28;51;22;25;Err;Err;Err;0,0;0;0;0;100;100;100;0;0
10;2017-04-22 20:24;20;28;51;22;25;Err;Err;0;0,0;0;0;0;100;100;100;0;0
10;2017-04-22 20:25;20;28;51;22;25;Err;Err;0;0,0;0;0;0;100;100;100;0;0
10;2017-04-22 20:26;19;28;51;22;25;Err;Err;0;0,0;0;0;0;100;68;68;31;0
10;2017-04-22 20:27;19;28;50;22;25;Err;Err;1;0,0;0;0;0;100;38;38;61;0
10;2017-04-22 20:28;18;28;50;22;25;Err;Err;3;0,0;0;0;0;100;43;43;56;0
10;2017-04-22 20:29;17;28;50;22;25;Err;Err;0;0,0;0;0;0;100;100;100;0;0
10;2017-04-22 20:30;17;28;49;22;25;Err;Err;0;0,0;0;0;0;100;100;100;0;0
10;2017-04-22 20:31;17;29;49;22;25;Err;Err;0;0,0;0;0;0;100;100;100;0;0
10;2017-04-22 20:32;17;29;49;22;25;Err;Err;0;0,0;0;0;0;100;100;100;0;0
10;2017-04-22 20:33;17;29;48;22;25;Err;Err;0;0,0;0;0;0;100;100;100;0;0
10;2017-04-22 20:34;17;29;48;22;25;Err;Err;0;0,0;0;0;0;100;100;100;0;0
10;2017-04-22 20:35;17;29;48;22;25;Err;Err;0;0,0;0;0;0;100;100;100;0;0
10;2017-04-22 20:36;17;29;47;22;25;Err;Err;0;0,0;0;0;0;100;100;100;0;0
10;2017-04-22 20:37;17;29;47;22;25;Err;Err;0;0,0;0;0;0;100;100;100;0;0
10;2017-04-22 20:38;16;30;47;22;25;Err;Err;0;0,0;0;0;0;100;100;100;0;0
10;2017-04-22 20:39;16;30;47;22;25;Err;Err;0;0,0;0;0;0;100;100;100;0;0
10;2017-04-22 20:40;16;30;46;22;25;Err;Err;0;0,0;0;0;0;100;100;100;0;0
10;2017-04-22 20:41;16;30;46;22;25;Err;Err;0;0,0;0;0;0;100;100;100;0;0
10;2017-04-22 20:42;16;30;46;22;25;Err;Err;0;0,0;0;0;0;100;100;100;0;0
10;2017-04-22 20:43;16;30;46;22;25;Err;Err;0;0,0;0;0;0;100;100;100;0;0
10;2017-04-22 20:44;16;30;46;22;25;Err;Err;0;0,0;0;0;0;100;100;100;0;0
10;2017-04-22 20:45;16;30;46;22;24;Err;Err;0;0,0;0;0;0;100;100;13;0;0
10;2017-04-22 20:46;16;30;46;22;25;Err;Err;0;0,0;0;0;0;100;100;0;0;0
10;2017-04-22 20:47;15;31;45;22;25;Err;Err;0;0,0;0;0;0;100;100;0;0;0
10;2017-04-22 20:48;15;31;45;22;25;Err;Err;0;0,0;0;0;0;100;100;0;0;0
10;2017-04-22 20:49;15;31;45;22;25;Err;Err;0;0,0;0;0;0;100;100;0;0;0
10;2017-04-22 20:50;15;31;45;22;25;Err;Err;0;0,0;0;0;0;100;100;0;0;0
10;2017-04-22 20:51;15;31;45;22;25;Err;Err;0;0,0;0;0;0;100;100;0;0;0
10;2017-04-22 20:52;15;31;44;22;26;Err;Err;0;0,0;0;0;0;100;100;0;0;0
10;2017-04-22 20:53;15;31;44;22;26;Err;Err;0;0,0;0;0;0;100;100;0;0;0
10;2017-04-22 20:54;15;31;44;22;26;Err;Err;0;0,0;0;0;0;100;100;0;0;0
10;2017-04-22 20:55;15;31;43;22;26;Err;Err;0;0,0;0;0;0;100;100;0;0;0
10;2017-04-22 20:56;15;31;43;22;26;Err;Err;0;0,0;0;0;0;100;100;0;0;0
10;2017-04-22 20:57;15;31;42;22;26;Err;Err;0;0,0;0;0;0;100;100;0;0;0
10;2017-04-22 20:58;15;31;41;22;26;Err;Err;0;0,0;0;0;0;100;100;0;0;0
10;2017-04-22 20:59;14;32;40;22;26;Err;Err;0;0,0;0;0;0;100;100;0;0;0
10;2017-04-22 21:00;14;32;39;22;26;Err;Err;0;0,0;0;0;0;100;100;0;0;0
10;2017-04-22 21:01;14;32;38;22;26;Err;Err;0;0,0;0;0;0;100;100;0;0;0
10;2017-04-22 21:02;14;32;36;22;26;Err;Err;0;0,0;0;0;0;100;100;0;0;0
10;2017-04-22 21:03;14;32;35;22;26;Err;Err;0;0,0;0;0;0;100;100;0;0;0
10;2017-04-22 21:04;14;32;34;22;26;Err;Err;0;0,0;0;0;0;100;100;0;0;0
10;2017-04-22 21:05;14;32;33;22;26;Err;Err;0;0,0;0;0;0;100;100;0;0;0
10;2017-04-22 21:06;14;32;33;22;26;Err;Err;0;0,0;0;0;0;100;100;0;0;0
10;2017-04-22 21:07;14;32;33;22;26;Err;Err;0;0,0;0;0;0;100;100;0;0;0
10;2017-04-22 21:08;14;32;33;22;26;Err;Err;0;0,0;0;0;0;100;100;0;0;0
10;2017-04-22 21:09;14;32;33;22;26;Err;Err;0;0,0;0;0;0;100;100;0;0;0
10;2017-04-22 21:10;14;32;33;21;25;Err;Err;0;0,0;0;0;0;100;100;88;0;0
10;2017-04-22 21:11;14;32;33;21;24;Err;Err;0;0,0;0;0;0;100;100;0;0;0
10;2017-04-22 21:12;13;32;33;21;25;Err;Err;0;0,0;0;0;0;100;100;0;0;0
10;2017-04-22 21:13;13;32;33;21;25;Err;Err;0;0,0;0;0;0;100;100;0;0;0
10;2017-04-22 21:14;13;32;33;21;25;Err;Err;0;0,0;0;0;0;100;100;0;0;0
10;2017-04-22 21:15;13;32;33;21;25;Err;Err;0;0,0;0;0;0;100;100;0;0;0
10;2017-04-22 21:16;13;32;33;21;25;Err;Err;0;0,0;0;0;0;100;100;0;0;0
10;2017-04-22 21:17;13;32;33;21;25;Err;Err;0;0,0;0;0;0;100;100;0;0;0
10;2017-04-22 21:18;13;32;33;21;25;Err;Err;0;0,0;0;0;0;100;100;0;0;0
10;2017-04-22 21:19;13;32;33;21;25;Err;Err;0;0,0;0;0;0;100;100;0;0;0
10;2017-04-22 21:20;13;32;33;21;25;Err;Err;0;0,0;0;0;0;100;100;0;0;0
10;2017-04-22 21:21;13;33;33;21;25;Err;Err;0;0,0;0;0;0;100;100;0;0;0
10;2017-04-22 21:22;13;33;33;21;25;Err;Err;0;0,0;0;0;0;100;100;0;0;0
10;2017-04-22 21:23;12;33;33;21;25;Err;Err;0;0,0;0;0;0;100;100;0;0;0
10;2017-04-22 21:24;12;33;33;21;25;Err;Err;0;0,0;0;0;0;100;100;0;0;0
10;2017-04-22 21:25;12;33;33;21;25;Err;Err;0;0,0;0;0;0;100;100;0;0;0
10;2017-04-22 21:26;12;33;33;21;25;Err;Err;0;0,0;0;0;0;100;100;0;0;0
10;2017-04-22 21:27;12;32;33;21;25;Err;Err;0;0,0;0;0;0;100;100;0;0;0
10;2017-04-22 21:28;12;32;33;21;25;Err;Err;0;0,0;0;0;0;100;100;0;0;0
10;2017-04-22 21:29;12;32;33;21;25;Err;Err;0;0,0;0;0;0;100;100;0;0;0
10;2017-04-22 21:30;12;32;33;21;25;Err;Err;0;0,0;0;0;0;100;100;0;0;0
10;2017-04-22 21:31;12;32;33;21;25;Err;Err;0;0,0;0;0;0;100;100;0;0;0
10;2017-04-22 21:32;12;32;33;21;25;Err;Err;0;0,0;0;0;0;100;100;0;0;0
10;2017-04-22 21:33;12;32;33;21;25;Err;Err;0;0,0;0;0;0;100;100;0;0;0
10;2017-04-22 21:34;12;32;33;21;25;Err;Err;0;0,0;0;0;0;100;100;0;0;0
10;2017-04-22 21:35;12;32;33;21;25;Err;Err;0;0,0;0;0;0;100;100;0;0;0
10;2017-04-22 21:36;12;32;33;21;25;Err;Err;0;0,0;0;0;0;100;100;0;0;0
10;2017-04-22 21:37;12;32;33;21;25;Err;Err;0;0,0;0;0;0;100;100;0;0;0
10;2017-04-22 21:38;12;32;33;21;25;Err;Err;0;0,0;0;0;0;100;100;0;0;0
10;2017-04-22 21:39;12;32;33;21;25;Err;Err;0;0,0;0;0;0;100;100;0;0;0
10;2017-04-22 21:40;12;32;33;21;25;Err;Err;0;0,0;0;0;0;100;100;0;0;0
10;2017-04-22 21:41;11;32;33;21;25;Err;Err;0;0,0;0;0;0;100;100;0;0;0
10;2017-04-22 21:42;11;32;33;21;25;Err;Err;0;0,0;0;0;0;100;100;0;0;0
10;2017-04-22 21:43;11;31;33;21;25;Err;Err;0;0,0;0;0;0;100;100;0;0;0
10;2017-04-22 21:44;11;31;33;21;25;Err;Err;0;0,0;0;0;0;100;100;0;0;0
10;2017-04-22 21:45;11;31;33;21;25;Err;Err;0;0,0;0;0;0;100;100;0;0;0
10;2017-04-22 21:46;11;31;33;21;25;Err;Err;0;0,0;0;0;0;100;100;0;0;0
10;2017-04-22 21:47;11;31;33;21;25;Err;Err;0;0,0;0;0;0;100;100;0;0;0
10;2017-04-22 21:48;11;31;33;21;25;Err;Err;0;0,0;0;0;0;100;100;0;0;0
10;2017-04-22 21:49;11;31;33;21;25;Err;Err;0;0,0;0;0;0;100;100;0;0;0
10;2017-04-22 21:50;11;31;33;21;25;Err;Err;0;0,0;0;0;0;100;100;0;0;0
10;2017-04-22 21:51;11;31;33;21;25;Err;Err;0;0,0;0;0;0;100;100;0;0;0
10;2017-04-22 21:52;11;31;33;21;25;Err;Err;0;0,0;0;0;0;100;100;0;0;0
10;2017-04-22 21:53;11;31;33;21;25;Err;Err;0;0,0;0;0;0;100;100;0;0;0
10;2017-04-22 21:54;11;31;33;21;25;Err;Err;0;0,0;0;0;0;100;100;0;0;0
10;2017-04-22 21:55;11;31;33;21;25;Err;Err;0;0,0;0;0;0;100;100;0;0;0
10;2017-04-22 21:56;10;31;33;21;25;Err;Err;0;0,0;0;0;0;100;100;0;0;0
10;2017-04-22 21:57;10;31;32;21;25;Err;Err;0;0,0;0;0;0;100;100;0;0;0
10;2017-04-22 21:58;10;30;32;21;25;Err;Err;0;0,0;0;0;0;100;100;0;0;0
10;2017-04-22 21:59;10;30;32;21;25;Err;Err;0;0,0;0;0;0;100;100;0;0;0
10;2017-04-22 22:00;10;30;32;20;24;Err;Err;0;0,0;0;0;0;100;100;61;0;0
10;2017-04-22 22:01;10;30;32;20;23;Err;Err;0;0,0;0;0;0;100;100;11;0;0
10;2017-04-22 22:02;10;30;32;20;23;Err;Err;0;0,0;0;0;0;100;100;0;0;0
10;2017-04-22 22:03;10;30;32;20;24;Err;Err;0;0,0;0;0;0;100;100;0;0;0
10;2017-04-22 22:04;10;30;32;20;24;Err;Err;0;0,0;0;0;0;100;100;0;0;0
10;2017-04-22 22:05;10;30;32;20;24;Err;Err;0;0,0;0;0;0;100;100;0;0;0
10;2017-04-22 22:06;10;30;32;20;24;Err;Err;0;0,0;0;0;0;100;100;0;0;0
10;2017-04-22 22:07;10;30;32;20;24;Err;Err;0;0,0;0;0;0;100;100;0;0;0
10;2017-04-22 22:08;10;30;32;20;24;Err;Err;0;0,0;0;0;0;100;100;0;0;0
10;2017-04-22 22:09;10;30;32;20;24;Err;Err;0;0,0;0;0;0;100;100;0;0;0
10;2017-04-22 22:10;10;30;32;20;24;Err;Err;0;0,0;0;0;0;100;100;0;0;0
10;2017-04-22 22:11;10;30;32;20;24;Err;Err;0;0,0;0;0;0;100;100;0;0;0
10;2017-04-22 22:12;10;30;32;20;24;Err;Err;0;0,0;0;0;0;100;100;0;0;0
10;2017-04-22 22:13;10;30;32;20;24;Err;Err;0;0,0;0;0;0;100;100;0;0;0
10;2017-04-22 22:14;10;30;32;20;24;Err;Err;0;0,0;0;0;0;100;100;0;0;0
10;2017-04-22 22:15;9;30;32;20;24;Err;Err;0;0,0;0;0;0;100;100;0;0;0
10;2017-04-22 22:16;9;30;32;20;24;Err;Err;0;0,0;0;0;0;100;100;0;0;0
10;2017-04-22 22:17;9;30;32;20;24;Err;Err;0;0,0;0;0;0;100;100;0;0;0
10;2017-04-22 22:18;9;30;32;20;24;Err;Err;0;0,0;0;0;0;100;100;0;0;0
10;2017-04-22 22:19;9;30;32;20;24;Err;Err;0;0,0;0;0;0;100;100;0;0;0
10;2017-04-22 22:20;9;30;31;20;24;Err;Err;0;0,0;0;0;0;100;100;0;0;0
10;2017-04-22 22:21;9;29;31;20;24;Err;Err;0;0,0;0;0;0;100;100;0;0;0
10;2017-04-22 22:22;9;29;31;20;24;Err;Err;0;0,0;0;0;0;100;100;0;0;0
10;2017-04-22 22:23;9;29;31;20;24;Err;Err;0;0,0;0;0;0;100;100;0;0;0
10;2017-04-22 22:24;9;29;31;20;24;Err;Err;0;0,0;0;0;0;100;100;0;0;0
10;2017-04-22 22:25;9;29;31;20;24;Err;Err;0;0,0;0;0;0;100;100;0;0;0
10;2017-04-22 22:26;9;29;31;20;24;Err;Err;0;0,0;0;0;0;100;100;0;0;0
10;2017-04-22 22:27;9;29;31;20;24;Err;Err;0;0,0;0;0;0;100;100;0;0;0
10;2017-04-22 22:28;9;29;31;20;24;Err;Err;0;0,0;0;0;0;100;100;0;0;0
10;2017-04-22 22:29;9;29;31;20;24;Err;Err;0;0,0;0;0;0;100;100;0;0;0
10;2017-04-22 22:30;9;29;31;20;24;Err;Err;0;0,0;0;0;0;100;100;0;0;0
10;2017-04-22 22:31;9;29;31;20;24;Err;Err;0;0,0;0;0;0;100;100;0;0;0
10;2017-04-22 22:32;9;29;31;20;24;Err;Err;0;0,0;0;0;0;100;100;0;0;0
10;2017-04-22 22:33;9;29;30;20;24;Err;Err;0;0,0;0;0;0;100;100;0;0;0
10;2017-04-22 22:34;9;29;30;20;24;Err;Err;0;0,0;0;0;0;100;100;0;0;0
10;2017-04-22 22:35;9;29;30;20;24;Err;Err;0;0,0;0;0;0;100;100;0;0;0
10;2017-04-22 22:36;9;29;30;20;24;Err;Err;0;0,0;0;0;0;100;100;0;0;0
10;2017-04-22 22:37;8;29;30;20;24;Err;Err;0;0,0;0;0;0;100;100;0;0;0
10;2017-04-22 22:38;8;29;30;20;24;Err;Err;0;0,0;0;0;0;100;100;0;0;0
10;2017-04-22 22:39;8;29;30;20;24;Err;Err;0;0,0;0;0;0;100;100;0;0;0
10;2017-04-22 22:40;8;29;30;20;24;Err;Err;0;0,0;0;0;0;100;100;0;0;0
10;2017-04-22 22:41;8;29;30;20;23;Err;Err;0;0,0;0;0;0;100;100;0;0;0
10;2017-04-22 22:42;8;29;30;20;23;Err;Err;0;0,0;0;0;0;100;100;0;0;0
10;2017-04-22 22:43;8;29;30;20;23;Err;Err;0;0,0;0;0;0;100;100;0;0;0
10;2017-04-22 22:44;8;29;30;20;23;Err;Err;0;0,0;0;0;0;100;100;0;0;0
10;2017-04-22 22:45;8;29;30;20;23;Err;Err;0;0,0;0;0;0;100;100;0;0;0
10;2017-04-22 22:46;8;29;30;20;23;Err;Err;0;0,0;0;0;0;100;100;0;0;0
10;2017-04-22 22:47;8;29;30;20;23;Err;Err;0;0,0;0;0;0;100;100;0;0;0
10;2017-04-22 22:48;8;29;30;20;23;Err;Err;0;0,0;0;0;0;100;100;0;0;0
10;2017-04-22 22:49;8;29;30;20;23;Err;Err;0;0,0;0;0;0;100;100;0;0;0
10;2017-04-22 22:50;8;29;30;20;23;Err;Err;0;0,0;0;0;0;100;100;0;0;0
10;2017-04-22 22:51;8;29;30;20;23;Err;Err;0;0,0;0;0;0;100;100;0;0;0
10;2017-04-22 22:52;8;29;30;20;23;Err;Err;0;0,0;0;0;0;100;100;0;0;0
10;2017-04-22 22:53;8;29;30;20;23;Err;Err;0;0,0;0;0;0;100;100;0;0;0
10;2017-04-22 22:54;8;29;30;20;23;Err;Err;0;0,0;0;0;0;100;100;0;0;0
10;2017-04-22 22:55;8;29;30;20;23;Err;Err;0;0,0;0;0;0;100;100;0;0;0
10;2017-04-22 22:56;8;29;30;20;23;Err;Err;0;0,0;0;0;0;100;100;0;0;0
10;2017-04-22 22:57;8;29;30;20;23;Err;Err;0;0,0;0;0;0;100;100;0;0;0
10;2017-04-22 22:58;8;29;30;20;23;Err;Err;0;0,0;0;0;0;100;100;0;0;0
10;2017-04-22 22:59;8;29;30;20;23;Err;Err;0;0,0;0;0;0;100;100;0;0;0
10;2017-04-22 23:00;8;29;30;20;23;Err;Err;0;0,0;0;0;0;100;100;0;0;0
10;2017-04-22 23:01;7;29;30;20;23;Err;Err;0;0,0;0;0;0;100;100;0;0;0
10;2017-04-22 23:02;7;29;30;20;23;Err;Err;0;0,0;0;0;0;100;100;0;0;0
10;2017-04-22 23:03;7;29;30;20;23;Err;Err;0;0,0;0;0;0;100;100;0;0;0
10;2017-04-22 23:04;7;29;30;20;23;Err;Err;0;0,0;0;0;0;100;100;0;0;0
10;2017-04-22 23:05;7;29;30;20;23;Err;Err;0;0,0;0;0;0;100;100;0;0;0
10;2017-04-22 23:06;7;29;30;20;23;Err;Err;0;0,0;0;0;0;100;100;0;0;0
10;2017-04-22 23:07;7;29;30;20;23;Err;Err;0;0,0;0;0;0;100;100;0;0;0
10;2017-04-22 23:08;7;29;30;20;23;Err;Err;0;0,0;0;0;0;100;100;0;0;0
10;2017-04-22 23:09;7;29;30;20;22;Err;Err;0;0,0;0;0;0;100;100;0;0;0
10;2017-04-22 23:10;7;29;30;20;22;Err;Err;0;0,0;0;0;0;100;100;0;0;0
10;2017-04-22 23:11;7;29;30;20;22;Err;Err;0;0,0;0;0;0;100;100;0;0;0
10;2017-04-22 23:12;7;29;30;20;22;Err;Err;0;0,0;0;0;0;100;100;0;0;0
10;2017-04-22 23:13;7;29;30;20;22;Err;Err;0;0,0;0;0;0;100;100;0;0;0
10;2017-04-22 23:14;7;29;30;20;22;Err;Err;0;0,0;0;0;0;100;100;0;0;0
10;2017-04-22 23:15;7;29;30;20;22;Err;Err;0;0,0;0;0;0;100;100;0;0;0
10;2017-04-22 23:16;7;29;30;20;22;Err;Err;0;0,0;0;0;0;100;100;0;0;0
10;2017-04-22 23:17;7;29;30;20;22;Err;Err;0;0,0;0;0;0;100;100;0;0;0
10;2017-04-22 23:18;7;29;30;20;22;Err;Err;0;0,0;0;0;0;100;100;0;0;0
10;2017-04-22 23:19;7;29;30;20;22;Err;Err;0;0,0;0;0;0;100;100;0;0;0
10;2017-04-22 23:20;7;29;30;20;22;Err;Err;0;0,0;0;0;0;100;100;0;0;0
10;2017-04-22 23:21;7;29;30;20;22;Err;Err;0;0,0;0;0;0;100;100;0;0;0
10;2017-04-22 23:22;7;29;30;20;22;Err;Err;0;0,0;0;0;0;100;100;0;0;0
10;2017-04-22 23:23;7;29;30;20;22;Err;Err;0;0,0;0;0;0;100;100;0;0;0
10;2017-04-22 23:24;7;29;30;20;22;Err;Err;0;0,0;0;0;0;100;100;0;0;0
10;2017-04-22 23:25;7;29;30;20;22;Err;Err;0;0,0;0;0;0;100;100;0;0;0
10;2017-04-22 23:26;7;29;30;20;22;Err;Err;0;0,0;0;0;0;100;100;0;0;0
10;2017-04-22 23:27;7;29;30;20;22;Err;Err;0;0,0;0;0;0;100;100;0;0;0
10;2017-04-22 23:28;7;29;30;20;22;Err;Err;0;0,0;0;0;0;100;100;0;0;0
10;2017-04-22 23:29;7;29;30;20;22;Err;Err;0;0,0;0;0;0;100;100;0;0;0
10;2017-04-22 23:30;7;29;30;20;22;Err;Err;0;0,0;0;0;0;100;100;0;0;0
10;2017-04-22 23:31;7;29;30;20;22;Err;Err;0;0,0;0;0;0;100;100;0;0;0
10;2017-04-22 23:32;7;29;30;20;22;Err;Err;0;0,0;0;0;0;100;100;0;0;0
10;2017-04-22 23:33;6;29;30;20;22;Err;Err;0;0,0;0;0;0;100;100;0;0;0
10;2017-04-22 23:34;6;29;30;20;22;Err;Err;0;0,0;0;0;0;100;100;0;0;0
10;2017-04-22 23:35;6;29;30;20;22;Err;Err;0;0,0;0;0;0;100;100;0;0;0
10;2017-04-22 23:36;6;29;30;20;22;Err;Err;0;0,0;0;0;0;100;100;0;0;0
10;2017-04-22 23:37;6;29;30;20;22;Err;Err;0;0,0;0;0;0;100;100;0;0;0
10;2017-04-22 23:38;6;29;30;20;22;Err;Err;0;0,0;0;0;0;100;100;0;0;0
10;2017-04-22 23:39;6;29;30;20;21;Err;Err;0;0,0;0;0;0;100;100;0;0;0
10;2017-04-22 23:40;6;29;30;20;21;Err;Err;0;0,0;0;0;0;100;100;0;0;0
10;2017-04-22 23:41;6;29;30;20;21;Err;Err;0;0,0;0;0;0;100;100;0;0;0
10;2017-04-22 23:42;6;29;30;20;21;Err;Err;0;0,0;0;0;0;100;100;0;0;0
10;2017-04-22 23:43;6;29;30;20;21;Err;Err;0;0,0;0;0;0;100;100;0;0;0
10;2017-04-22 23:44;6;29;30;20;21;Err;Err;0;0,0;0;0;0;100;100;0;0;0
10;2017-04-22 23:45;6;29;30;20;21;Err;Err;0;0,0;0;0;0;100;100;0;0;0
10;2017-04-22 23:46;6;29;30;20;21;Err;Err;0;0,0;0;0;0;100;100;0;0;0
10;2017-04-22 23:47;6;29;30;20;21;Err;Err;0;0,0;0;0;0;100;100;0;0;0
10;2017-04-22 23:48;6;29;30;20;21;Err;Err;0;0,0;0;0;0;100;100;0;0;0
10;2017-04-22 23:49;6;29;30;20;21;Err;Err;0;0,0;0;0;0;100;100;0;0;0
10;2017-04-22 23:50;6;29;30;20;21;Err;Err;0;0,0;0;0;0;100;100;0;0;0
10;2017-04-22 23:51;6;29;30;20;21;Err;Err;0;0,0;0;0;0;100;100;0;0;0
10;2017-04-22 23:52;6;29;30;20;21;Err;Err;0;0,0;0;0;0;100;100;0;0;0
10;2017-04-22 23:53;6;29;30;20;21;Err;Err;0;0,0;0;0;0;100;100;0;0;0
10;2017-04-22 23:54;6;29;30;20;21;Err;Err;0;0,0;0;0;0;100;100;0;0;0
10;2017-04-22 23:55;6;29;30;20;21;Err;Err;0;0,0;0;0;0;100;100;0;0;0
10;2017-04-22 23:56;6;29;30;20;21;Err;Err;0;0,0;0;0;0;100;100;0;0;0
10;2017-04-22 23:57;6;29;30;20;21;Err;Err;0;0,0;0;0;0;100;100;0;0;0
10;2017-04-22 23:58;6;29;30;20;21;Err;Err;0;0,0;0;0;0;100;100;0;0;0
10;2017-04-22 23:59;6;29;30;20;21;Err;Err;0;0,0;0;0;0;100;100;0;0;0
